date,sale
2015/1/1,7515.35
2015/1/2,8025.95
2015/1/3,7475.04
2015/1/4,6722.93
2015/1/5,9274.8
2015/1/6,9680.55
2015/1/7,7741.19
2015/1/8,7963.14
2015/1/9,7534.92
2015/1/10,8348.59
2015/1/11,10275.1
2015/1/12,9866.16
2015/1/13,8869.69
2015/1/14,7787.84
2015/1/15,8034.4
2015/1/16,7663.3
2015/1/17,10021.51
2015/1/18,10744.7
2015/1/19,10735.22
2015/1/20,11015.44
2015/1/21,9860.57
2015/1/22,9445.97
2015/1/23,9966.24
2015/1/24,11880.27
2015/1/25,10211.46
2015/1/26,12689.15
2015/1/27,12898.44
2015/1/28,10642.29
2015/1/29,12628.84
2015/1/30,12114.58
2015/1/31,11426.54
2015/2/1,12219.93
2015/2/2,12768.36
2015/2/3,13914.75
2015/2/4,14114.23
2015/2/5,12778.92
2015/2/6,14617.63
2015/2/7,12635.74
2015/2/8,15186.91
2015/2/9,15598.14
2015/2/10,13361.6
2015/2/11,15019.18
2015/2/12,12125.41
2015/2/13,12298.03
2015/2/14,11872.23
2015/2/15,11197.18
2015/2/16,13716.97
2015/2/17,14320.21
2015/2/18,14338.19
2015/2/19,11795.66
2015/2/20,12094.27
2015/2/21,11337.9
2015/2/22,12300.05
2015/2/23,13134.85
2015/2/24,16423.51
2015/2/25,15062.44
2015/2/26,14682.25
2015/2/27,14855.12
2015/2/28,15820.37
2015/3/1,12894.98
2015/3/2,14901.38
2015/3/3,14712.64
2015/3/4,14463.09
2015/3/5,12816.83
2015/3/6,15137.4
2015/3/7,14505.67
2015/3/8,14910.91
2015/3/9,15620.24
2015/3/10,14481.75
2015/3/11,15561.4
2015/3/12,14575.25
2015/3/13,15139.9
2015/3/14,13994.71
2015/3/15,12315.31
2015/3/16,14604.63
2015/3/17,13755.88
2015/3/18,17440.77
2015/3/19,15009.65
2015/3/20,15921.47
2015/3/21,13215.03
2015/3/22,13755.32
2015/3/23,15621.42
2015/3/24,15429.43
2015/3/25,12355.66
2015/3/26,6554.44
2015/3/27,5095.06
2015/3/28,4721.6
2015/3/29,4014.28
2015/3/30,4843.25
2015/3/31,4785.92
2015/4/1,5629.52
2015/4/2,4336.55
2015/4/3,5510.38
2015/4/4,4790.95
2015/4/5,6061.47
2015/4/6,5508.81
2015/4/7,7268.52
2015/4/8,4560.52
2015/4/9,3560.82
2015/4/10,5190.76
2015/4/11,5549.88
2015/4/12,4349.66
2015/4/13,3910.25
2015/4/14,4431.8
2015/4/15,5149.83
2015/4/16,4603.51
2015/4/17,4487.89
2015/4/18,4355.2
2015/4/19,5458.78
2015/4/20,5395.58
2015/4/21,4595.01
2015/4/22,4611.22
2015/4/23,4027.19
2015/4/24,5673.38
2015/4/25,3419.1
2015/4/26,2829.03
2015/4/27,4386.78
2015/4/28,5787.7
2015/4/29,3833.19
2015/4/30,3551.21
2015/5/1,3329.7
2015/5/2,3703.32
2015/5/3,3711.97
2015/5/4,4217.35
2015/5/5,4003.36
2015/5/6,4317.2
2015/5/7,5151.4
2015/5/8,3619.35
2015/5/9,3131.8
2015/5/10,3006.61
2015/5/11,3476.79
2015/5/12,3353.41
2015/5/13,3829.23
2015/5/14,4280.63
2015/5/15,4012.63
2015/5/16,2838.5
2015/5/17,3740.66
2015/5/18,4089.18
2015/5/19,4377.57
2015/5/20,3427.94
2015/5/21,3788.7
2015/5/22,3111.57
2015/5/23,2952.02
2015/5/24,2497.09
2015/5/25,2312.76
2015/5/26,3239
2015/5/27,2588.57
2015/5/28,2993.42
2015/5/29,2688.94
2015/5/30,3596.79
2015/5/31,2545.84
2015/6/1,4662.99
2015/6/2,3305.42
2015/6/3,3294.91
2015/6/4,3338.98
2015/6/5,2653.81
2015/6/6,2889.57
2015/6/7,3380.22
2015/6/8,3031.15
2015/6/9,3356.26
2015/6/10,2693.35
2015/6/11,3607.9
2015/6/12,3250.69
2015/6/13,2328.15
2015/6/14,3335.12
2015/6/15,4138.43
2015/6/16,3322.05
2015/6/17,3737.02
2015/6/18,3028.05
2015/6/19,3265.06
2015/6/20,4074.54
2015/6/21,3699.19
2015/6/22,4446.68
2015/6/23,4941.1
2015/6/24,6756.39
2015/6/25,5587.16
2015/6/26,3863.38
2015/6/27,3449.87
2015/6/28,2833.77
2015/6/29,2942.86
2015/6/30,3181.8
2015/7/1,3748.58
2015/7/2,3472.67
2015/7/3,2320.97
2015/7/4,1992.26
2015/7/5,3029.55
2015/7/6,2894.94
2015/7/7,2762.9
2015/7/8,4026.58
2015/7/9,2497.45
2015/7/10,2366.22
2015/7/11,2336.33
2015/7/12,2859.61
2015/7/13,1828.06
2015/7/14,3394.59
2015/7/15,2132.86
2015/7/16,2233.23
2015/7/17,2395.91
2015/7/18,2725.11
2015/7/19,2210.43
2015/7/20,2937.44
2015/7/21,3750.26
2015/7/22,5115.4
2015/7/23,4125.41
2015/7/24,5127.58
2015/7/25,4460.27
2015/7/26,10749.44
2015/7/27,8228.55
2015/7/28,7555
2015/7/29,5888.91
2015/7/30,6833.93
2015/7/31,6078.44
2015/8/1,4864.44
2015/8/2,2668.27
2015/8/3,5349.57
2015/8/4,5191.8
2015/8/5,2543.76
2015/8/6,1864.28
2015/8/7,2132.22
2015/8/8,2341.3
2015/8/9,1862.93
2015/8/10,2896.09
2015/8/11,2365.68
2015/8/12,2463.95
2015/8/13,3119.08
2015/8/14,2150.13
2015/8/15,2582.12
2015/8/16,2930.79
2015/8/17,2812
2015/8/18,3683.6
2015/8/19,3322.14
2015/8/20,3286.07
2015/8/21,2331.47
2015/8/22,2392.22
2015/8/23,2798.61
2015/8/24,3462.81
2015/8/25,2011.9
2015/8/26,2614.68
2015/8/27,2587.77
2015/8/28,2063.33
2015/8/29,3009.24
2015/8/30,2824.15
2015/8/31,1841.29
2015/9/1,2504.12
2015/9/2,2737.12
2015/9/3,2073.45
2015/9/4,3648.69
2015/9/5,1474.88
2015/9/6,2035.44
2015/9/7,1933.6
2015/9/8,2676.65
2015/9/9,2908.73
2015/9/10,2356.68
2015/9/11,3217.07
2015/9/12,2392.61
2015/9/13,2871.97
2015/9/14,3885.16
2015/9/15,4115.07
2015/9/16,2466.58
2015/9/17,2093.02
2015/9/18,3416.49
2015/9/19,3312.28
2015/9/20,2695.38
2015/9/21,3761.47
2015/9/22,2734.33
2015/9/23,2625.73
2015/9/24,2603.72
2015/9/25,2845.49
2015/9/26,1488.87
2015/9/27,3010.39
2015/9/28,3007.45
2015/9/29,2792.48
2015/9/30,2263.88
2015/10/1,2933.61
2015/10/2,2159.48
2015/10/3,2374.73
2015/10/4,1791.79
2015/10/5,2750.63
2015/10/6,2078.94
2015/10/7,2189.46
2015/10/8,2708.29
2015/10/9,2962.43
2015/10/10,2944.48
2015/10/11,2795.51
2015/10/12,2759.62
2015/10/13,3217.88
2015/10/14,3183.26
2015/10/15,3550.58
2015/10/16,2912.96
2015/10/17,2148.1
2015/10/18,1954.7
2015/10/19,2750.12
2015/10/20,3496.7
2015/10/21,2570.29
2015/10/22,4381.71
2015/10/23,3567.62
2015/10/24,3865.78
2015/10/25,3642.63
2015/10/26,3173.69
2015/10/27,3365.68
2015/10/28,3275.6
2015/10/29,2794
2015/10/30,3504.1
2015/10/31,1976.4
2015/11/1,2539.65
2015/11/2,3745.08
2015/11/3,3202.93
2015/11/4,3782.56
2015/11/5,2723.99
2015/11/6,5599.58
2015/11/7,5725.94
2015/11/8,5291.32
2015/11/9,6542.12
2015/11/10,5673.56
2015/11/11,5602.57
2015/11/12,6441.01
2015/11/13,4821.68
2015/11/14,2408.05
2015/11/15,2296.87
2015/11/16,2644.59
2015/11/17,2762.1
2015/11/18,3698.44
2015/11/19,3088.28
2015/11/20,3012.56
2015/11/21,2720.62
2015/11/22,2724.61
2015/11/23,3577.65
2015/11/24,3505.29
2015/11/25,3132.35
2015/11/26,3691.74
2015/11/27,2075.99
2015/11/28,3783.35
2015/11/29,3565.26
2015/11/30,5068.9
2015/12/1,3965.26
2015/12/2,4868.45
2015/12/3,3538.62
2015/12/4,4258.56
2015/12/5,3883.49
2015/12/6,3878.14
2015/12/7,4549.21
2015/12/8,4493.3
2015/12/9,3833.83
2015/12/10,4414.59
2015/12/11,3738.41
2015/12/12,3915.92
2015/12/13,3845.68
2015/12/14,4565.29
2015/12/15,3546
2015/12/16,2968.43
2015/12/17,3603.5
2015/12/18,2543.56
2015/12/19,2158.17
2015/12/20,2387.75
2015/12/21,1920.85
2015/12/22,2122.58
2015/12/23,1119.72
2015/12/24,1781.76
2015/12/25,1996.65
2015/12/26,2209.03
2015/12/27,1978.68
2015/12/28,1851.71
2015/12/29,1908.18
2015/12/30,2112.57
2015/12/31,1619.46
